{
  "train_loss": [
    0.8856747426619433,
    0.1071815953091389,
    0.06943557807479543,
    0.052316968124642066,
    0.04120827637462303,
    0.033246556536830736,
    0.03251564714615469,
    0.01698269439517812,
    0.02357909770804749,
    0.019690727585141142,
    0.021162772441084138
  ],
  "train_acc": [
    0.7549268912905277,
    0.9821996185632549,
    0.9847425301970757,
    0.987603305785124,
    0.989192625556262,
    0.9917355371900827,
    0.9907819453273998,
    0.994596312778131,
    0.9926891290527654,
    0.9920534011443103,
    0.9939605848696758
  ],
  "val_loss": [
    0.3241508439379303,
    0.08669746653667014,
    0.06936998921446502,
    0.04349752181013556,
    0.04317538532440698,
    0.04535175798044197,
    0.052579337265342474,
    0.07846178024345518,
    0.04210229466920473,
    0.05057823364347171,
    0.05012832117790822
  ],
  "val_acc": [
    0.9284497444633731,
    0.9846678023850085,
    0.9880749574105622,
    0.9914821124361158,
    0.9931856899488927,
    0.9931856899488927,
    0.9914821124361158,
    0.9744463373083475,
    0.989778534923339,
    0.9931856899488927,
    0.9914821124361158
  ]
}