{
  "cccd_12_number_back": {
    "precision": 1.0,
    "recall": 1.0,
    "f1-score": 1.0,
    "support": 7.0
  },
  "cccd_12_number_front": {
    "precision": 1.0,
    "recall": 1.0,
    "f1-score": 1.0,
    "support": 21.0
  },
  "cccd_new_back": {
    "precision": 1.0,
    "recall": 1.0,
    "f1-score": 1.0,
    "support": 7.0
  },
  "cccd_new_front": {
    "precision": 1.0,
    "recall": 0.8,
    "f1-score": 0.8888888888888888,
    "support": 5.0
  },
  "cccd_qr_back": {
    "precision": 1.0,
    "recall": 1.0,
    "f1-score": 1.0,
    "support": 27.0
  },
  "cccd_qr_front": {
    "precision": 0.984375,
    "recall": 0.984375,
    "f1-score": 0.984375,
    "support": 64.0
  },
  "cmnd_12_number_front": {
    "precision": 1.0,
    "recall": 1.0,
    "f1-score": 1.0,
    "support": 2.0
  },
  "cmnd_back": {
    "precision": 1.0,
    "recall": 1.0,
    "f1-score": 1.0,
    "support": 9.0
  },
  "cmnd_front": {
    "precision": 0.98,
    "recall": 1.0,
    "f1-score": 0.98989898989899,
    "support": 49.0
  },
  "giay_khai_sinh": {
    "precision": 1.0,
    "recall": 1.0,
    "f1-score": 1.0,
    "support": 14.0
  },
  "accuracy": 0.9902439024390244,
  "macro avg": {
    "precision": 0.9964375000000001,
    "recall": 0.9784375000000001,
    "f1-score": 0.9863162878787879,
    "support": 205.0
  },
  "weighted avg": {
    "precision": 0.990341463414634,
    "recall": 0.9902439024390244,
    "f1-score": 0.9899975363389999,
    "support": 205.0
  }
}